[
    {
        "id": 1,
        "name": "Modern Chair",
        "price": "$99.99",
        "description": "Comfortable and stylish.",
        "images": [
            "place.jpg",
            "image2.jpg",
            "image3.jpg"
        ],
        "variations": [
            "variation1.jpg",
            "variation2.jpg",
            "variation3.jpg",
            "variation4.jpg",
            "variation5.jpg",
            "variation6.jpg"
        ],
        "suggestions": [
            { "imgSrc": "suggestion1.jpg", "header": "Chair", "body": "$49.99" },
            { "imgSrc": "suggestion2.jpg", "header": "Table", "body": "$89.99" },
            { "imgSrc": "suggestion3.jpg", "header": "Sofa", "body": "$199.99" },
            { "imgSrc": "suggestion4.jpg", "header": "Lamp", "body": "$29.99" },
            { "imgSrc": "suggestion5.jpg", "header": "Bookshelf", "body": "$79.99" }
        ]
    },
    {
        "id": 2,
        "name": "Office Desk",
        "price": "$199.99",
        "description": "Spacious and durable.",
        "images": [
            "place.jpg",
            "image2.jpg",
            "image3.jpg"
        ],
        "variations": [
            "variation1.jpg",
            "variation2.jpg",
            "variation3.jpg",
            "variation4.jpg",
            "variation5.jpg",
            "variation6.jpg"
        ],
        "suggestions": [
            { "imgSrc": "suggestion1.jpg", "header": "Chair", "body": "$49.99" },
            { "imgSrc": "suggestion2.jpg", "header": "Table", "body": "$89.99" },
            { "imgSrc": "suggestion3.jpg", "header": "Sofa", "body": "$199.99" },
            { "imgSrc": "suggestion4.jpg", "header": "Lamp", "body": "$29.99" },
            { "imgSrc": "suggestion5.jpg", "header": "Bookshelf", "body": "$79.99" }
        ]
    }
]
